side;case;hånd;bordet;kort;hyppighed_pct;én_gang_pr_spil;pr_klubaften;rang;brugbar;bemærkning
0;1;E K D B x x;–;6;0,0298;3352;ca. hver 134. klubaften;417;ja;
0;2;E K D B x;x;6;0,0970;1031;ca. hver 41. klubaften;200;ja;
0;3;E K D B x x x;–;7;0,0244;4104;ca. hver 164. klubaften;468;ja;
0;4;;E K D B x x;6;0,0298;3352;ca. hver 134. klubaften;;nej;holdingen har 0+6 kort, men fordelingen er 6-1
0;5;;E K D B x;5;0,0177;5645;ca. hver 226. klubaften;;nej;holdingen har 0+5 kort, men fordelingen er 5-2
0;6;E K D B x;x x x;8;0,2133;469;ca. hver 19. klubaften;;nej;holdingen har 5+3 kort, men fordelingen er 8
1;1;E K D 10;x;5;0,0227;4397;ca. hver 176. klubaften;475;ja;
1;2;E K D 9;x;5;0,0199;5025;ca. hver 201. klubaften;490;ja;
1;3;E K D 9;x x;6;0,0377;2652;ca. hver 106. klubaften;375;ja;
1;4;E K 9 x;D x;6;0,0754;1326;ca. hver 53. klubaften;254;ja;
1;5;E K D 10 9;x;6;0,0094;10608;ca. hver 424. klubaften;590;ja;
1;6;E K D 10 x;x;6;0,0754;1326;ca. hver 53. klubaften;255;ja;
1;7;E K D 9 x;x;6;0,0566;1768;ca. hver 71. klubaften;313;ja;
1;8;E K D x x;x;6;0,4848;206;ca. hver 8. klubaften;55;ja;
1;9;E K D 10 x x;–;6;0,0232;4310;ca. hver 172. klubaften;473;ja;
1;10;E K D 9 x x;–;6;0,0174;5746;ca. hver 230. klubaften;509;ja;
1;11;E K D x x x;–;6;0,0994;1006;ca. hver 40. klubaften;192;ja;
1;12;E K D 10 9 x x;–;7;0,0061;16418;ca. hver 657. klubaften;621;ja;
1;13;E K D 9 x x x;–;7;0,0102;9851;ca. hver 394. klubaften;584;ja;
1;14;E K D x x x x;–;7;0,0609;1642;ca. hver 66. klubaften;294;ja;
1;15;E K D 10 9 x;x;7;0,0226;4420;ca. hver 177. klubaften;477;ja;
1;16;E K D 9 x x;x;7;0,0566;1768;ca. hver 71. klubaften;314;ja;
1;17;E K D 10 9;x x;7;0,0170;5894;ca. hver 236. klubaften;519;ja;
1;18;E K D 10 x;x x;7;0,1357;737;ca. hver 29. klubaften;150;ja;
1;19;E K D 9 x;x x;7;0,0848;1179;ca. hver 47. klubaften;233;ja;
1;20;E K 10 9 x;D x;7;0,0339;2947;ca. hver 118. klubaften;400;ja;
1;21;E K 9 x x;D x;7;0,0848;1179;ca. hver 47. klubaften;234;ja;
1;22;E K x x x;D 10;7;0,0452;2210;ca. hver 88. klubaften;344;ja;
1;23;E K D 10;x x x;7;0,0553;1808;ca. hver 72. klubaften;;nej;holdingen har 4+3 kort, men fordelingen er 5-2
1;24;E K D 9;x x x;7;0,0346;2893;ca. hver 116. klubaften;;nej;holdingen har 4+3 kort, men fordelingen er 5-2
1;25;E K 10 x;D x x;7;0,1659;603;ca. hver 24. klubaften;;nej;holdingen har 4+3 kort, men fordelingen er 5-2
1;26;E K 9 x;D x x;7;0,1037;964;ca. hver 39. klubaften;;nej;holdingen har 4+3 kort, men fordelingen er 5-2
1;27;E K x x;D 10 x;7;0,1659;603;ca. hver 24. klubaften;;nej;holdingen har 4+3 kort, men fordelingen er 5-2
1;28;E 10 x x;K D x;7;0,1659;603;ca. hver 24. klubaften;;nej;holdingen har 4+3 kort, men fordelingen er 5-2
1;29;E 9 x x;K D x;7;0,1037;964;ca. hver 39. klubaften;;nej;holdingen har 4+3 kort, men fordelingen er 5-2
1;30;E x x x;K D 10;7;0,0553;1808;ca. hver 72. klubaften;;nej;holdingen har 4+3 kort, men fordelingen er 5-2
1;31;E K D 10 x … x;–;9;;;;;nej;uklart antal kort (…)
1;32;E K D x … x;–;8;;;;;nej;uklart antal kort (…)
1;33;E K D 10 x x x;x;8;0,0503;1989;ca. hver 80. klubaften;331;ja;
1;34;E K D x x x x;x;8;0,2262;442;ca. hver 18. klubaften;111;ja;
1;35;E K D 10 x x;x x;8;0,1293;774;ca. hver 31. klubaften;153;ja;Kilden skriver T/9 som T.
1;36;E K D x x x;x x x;9;0,6464;155;ca. hver 6. klubaften;29;ja;
1;37;E K D 10 x;x x x;8;0,1185;844;ca. hver 34. klubaften;159;ja;Kilden skriver T/9 som T.
1;38;E K D x x;x x x;8;1,0665;94;ca. hver 4. klubaften;;nej;et mål er større end antal runder
1;39;E K D 10;x x x x;8;0,0329;3038;ca. hver 122. klubaften;402;ja;
1;40;E K D x;x x x x;8;0,5925;169;ca. hver 7. klubaften;33;ja;
1;41;E K 10 x;D 9 x x;8;0,0494;2025;ca. hver 81. klubaften;334;ja;Kilden skriver T/9 som T og T/9 som 9.
1;42;E K 9 x;D 8 x x;8;0,0282;3544;ca. hver 142. klubaften;428;ja;Kilden skriver 9/8 som 9 og 9/8 som 8.
1;43;E K 9 x;D x x x;8;0,0658;1519;ca. hver 61. klubaften;275;ja;
1;44;E K D 10 x … x;–;9;;;;;nej;uklart antal kort (…)
1;45;E K D x … x;–;8;;;;;nej;uklart antal kort (…)
1;47;E K D x … x;x;9;;;;;nej;uklart antal kort (…)
1;48;E K D 10 x x x;x x;9;0,0548;1823;ca. hver 73. klubaften;326;ja;
1;49;E K D x x x;x x;8;0,7757;129;ca. hver 5. klubaften;20;ja;
1;50;E K D x x x x;x x;9;0,3085;324;ca. hver 13. klubaften;77;ja;
1;51;E K x x x x x;D x;9;0,1234;810;ca. hver 32. klubaften;155;ja;
1;52;E K D x x x;x x x;9;0,6464;155;ca. hver 6. klubaften;;nej;dublet af case 36
1;53;E K 10 x x x;D x x;9;0,0862;1160;ca. hver 46. klubaften;226;ja;Kilden skriver T/9 som T.
1;54;E K D 10 x;x x x x;9;0,0539;1856;ca. hver 74. klubaften;327;ja;Kilden skriver T/9 som T.
1;55;E K 10 x x;D x x x;9;0,1077;928;ca. hver 37. klubaften;167;ja;Kilden skriver T/9 som T.
2;1;E K B 10 x;–;5;0,0157;6351;ca. hver 254. klubaften;534;ja;
2;2;E K B x x;–;5;0,0709;1411;ca. hver 56. klubaften;268;ja;
2;3;E K B 10;x;5;0,0227;4397;ca. hver 176. klubaften;476;ja;
2;4;E K B 10 x x;–;6;0,0232;4310;ca. hver 172. klubaften;474;ja;
2;5;E K B 9 x x;x;7;0,0566;1768;ca. hver 71. klubaften;;nej;holdingen har 6+1 kort, men fordelingen er 5-1
2;6;E K B x x x;x;7;0,2715;368;ca. hver 15. klubaften;;nej;holdingen har 6+1 kort, men fordelingen er 5-1
2;7;E K B 9;x x;6;0,0377;2652;ca. hver 106. klubaften;376;ja;
2;8;E K 9 8;B x;6;0,0108;9282;ca. hver 371. klubaften;568;ja;
2;9;E K 9 x;B x;6;0,0754;1326;ca. hver 53. klubaften;256;ja;
2;10;E B 9 x;K x;6;0,0754;1326;ca. hver 53. klubaften;257;ja;
2;11;E B x x;K 9;6;0,0377;2652;ca. hver 106. klubaften;377;ja;
2;12;E K 9;B x x;6;0,0415;2411;ca. hver 96. klubaften;355;ja;
2;13;E K x;B x x;6;0,4977;201;ca. hver 8. klubaften;48;ja;
2;14;E K B 10 9 x;–;6;0,0058;17239;ca. hver 690. klubaften;;nej;holdingen har 6+0 kort, men fordelingen er 7-0
2;15;E K B 9 x x;–;6;0,0174;5746;ca. hver 230. klubaften;;nej;holdingen har 6+0 kort, men fordelingen er 7-0
2;16;E K B 8 x x x;–;7;0,0058;17239;ca. hver 690. klubaften;623;ja;
2;17;E K B x x x x;–;7;0,0365;2736;ca. hver 109. klubaften;388;ja;
2;18;E K B 10 x x;x;7;0,0905;1105;ca. hver 44. klubaften;207;ja;
2;19;E K B 9 x x;x;7;0,0566;1768;ca. hver 71. klubaften;315;ja;
2;20;E K B x x x;x;7;0,2715;368;ca. hver 15. klubaften;89;ja;
2;21;E K B 10 9;x x;7;0,0170;5894;ca. hver 236. klubaften;520;ja;
2;22;E K B 9 8;x x;7;0,0121;8251;ca. hver 330. klubaften;559;ja;
2;23;E B 10 9 x;K x;7;0,0339;2947;ca. hver 118. klubaften;401;ja;
2;24;E B 10 x x;K x;7;0,1357;737;ca. hver 29. klubaften;151;ja;
2;25;E K 9 8 x;B x;7;0,0242;4125;ca. hver 165. klubaften;469;ja;
2;26;E K 9 x x;B x;7;0,0848;1179;ca. hver 47. klubaften;235;ja;
2;27;E B 9 x x;K x;7;0,0848;1179;ca. hver 47. klubaften;236;ja;
2;28;E B x x x;K x;7;0,4072;246;ca. hver 10. klubaften;65;ja;
2;29;K B 9 x x;E x;7;0,0848;1179;ca. hver 47. klubaften;237;ja;
2;30;E K B 10 x;x x;7;0,1357;737;ca. hver 29. klubaften;;nej;1 mål, men 2 procenter
2;31;E K B 10;x x x;7;0,0553;1808;ca. hver 72. klubaften;325;ja;
2;32;E K B 9;x x x;7;0,0346;2893;ca. hver 116. klubaften;391;ja;
2;33;E K B x;x x x;7;0,4977;201;ca. hver 8. klubaften;49;ja;
2;34;E K 10 x;x x x;7;0,2765;362;ca. hver 14. klubaften;81;ja;
2;35;E K 9 8;B x x;7;0,0148;6751;ca. hver 270. klubaften;535;ja;
2;36;E K 9 x;B x x;7;0,1037;964;ca. hver 39. klubaften;174;ja;
2;37;E K x x;B 10 9;7;0,0207;4822;ca. hver 193. klubaften;480;ja;
2;38;E K x x;B 9 8;7;0,0148;6751;ca. hver 270. klubaften;536;ja;
2;39;E K x x;B 9 x;7;0,1037;964;ca. hver 39. klubaften;175;ja;
2;40;E K x x;B x x;7;0,7466;134;ca. hver 5. klubaften;23;ja;
2;41;E B 9 8;K x x;7;0,0148;6751;ca. hver 270. klubaften;;nej;1 mål, men 2 procenter
2;42;E K x x;B x x;7;0,7466;134;ca. hver 5. klubaften;;nej;dublet af case 40
2;43;E B 9 x;K x x;7;0,1037;964;ca. hver 39. klubaften;176;ja;
2;44;E B x x;K x x;7;0,7466;134;ca. hver 5. klubaften;24;ja;
2;45;K 9 x x;E B x;7;0,1037;964;ca. hver 39. klubaften;177;ja;
2;46;B 10 x x;E K x;7;0,1659;603;ca. hver 24. klubaften;136;ja;
2;47;B 9 8 x;E K x;7;0,0296;3375;ca. hver 135. klubaften;418;ja;
2;48;B x x x;E K x;7;0,4977;201;ca. hver 8. klubaften;50;ja;
2;49;E K B 10 9 x x;x;8;0,0189;5304;ca. hver 212. klubaften;502;ja;
2;50;E K B 9 8 7 x;x;8;0,0036;27847;ca. hver 1.114. klubaften;642;ja;
2;51;E K B 10 x x;x x;8;0,1293;774;ca. hver 31. klubaften;154;ja;
2;52;E K B 9 x x;x x;8;0,0646;1547;ca. hver 62. klubaften;282;ja;
2;53;E K B 9 x x;x x;8;0,0646;1547;ca. hver 62. klubaften;;nej;dublet af case 52
2;54;E K 9 8 7 x;B x;8;0,0062;16244;ca. hver 650. klubaften;620;ja;
2;55;E K 9 8 x x;B x;8;0,0185;5415;ca. hver 217. klubaften;506;ja;
2;56;E K 9 x x x;B x;8;0,0431;2321;ca. hver 93. klubaften;346;ja;
2;57;E B 8 x x x;K x;8;0,0185;5415;ca. hver 217. klubaften;507;ja;
2;58;E K 9 8 x;B x x;8;0,0254;3938;ca. hver 158. klubaften;455;ja;
2;59;E K 9 x x;B x x;8;0,0889;1125;ca. hver 45. klubaften;208;ja;
2;60;E K 7 x x;B 9 8;8;0,0042;23628;ca. hver 945. klubaften;637;ja;
2;61;E K x x x;B 10 9;8;0,0148;6751;ca. hver 270. klubaften;537;ja;
2;62;E K x x x;B 9 8;8;0,0085;11814;ca. hver 473. klubaften;603;ja;
2;63;E K x x x;B 9 x;8;0,0593;1688;ca. hver 68. klubaften;295;ja;
2;64;E B 9 x x;K x x;8;0,0889;1125;ca. hver 45. klubaften;209;ja;
2;65;E B x x x;K 9 x;8;0,0593;1688;ca. hver 68. klubaften;296;ja;
2;66;E 9 x x x;K B x;8;0,0593;1688;ca. hver 68. klubaften;297;ja;
2;67;B 9 8 x x;E K x;8;0,0254;3938;ca. hver 158. klubaften;456;ja;
2;68;E K B 10;x x x x;8;0,0329;3038;ca. hver 122. klubaften;403;ja;
2;69;E K 9 x;B x x x;8;0,0658;1519;ca. hver 61. klubaften;276;ja;
2;70;E K 8 x;B x x x;8;0,0282;3544;ca. hver 142. klubaften;429;ja;
2;71;E K x x;B 9 8 x;8;0,0282;3544;ca. hver 142. klubaften;430;ja;
2;72;E B x x;K 9 x x;8;0,0988;1013;ca. hver 41. klubaften;193;ja;
2;73;E 10 8 x;K B 9 x;8;0,0141;7088;ca. hver 284. klubaften;549;ja;
2;74;E K B x … x;x;9;;;;;nej;uklart antal kort (…)
2;75;E K B x … x;x x;10;;;;;nej;uklart antal kort (…)
2;76;E K 9 x … x;B x;10;;;;;nej;uklart antal kort (…)
2;77;E B x … x;K 9;9;;;;;nej;uklart antal kort (…)
2;78;E K B 10 x … x;x x x;12;;;;;nej;uklart antal kort (…)
2;79;E K 9 x x x;B x x;9;0,0323;3094;ca. hver 124. klubaften;404;ja;
2;80;E K 8 x x x;B x x;9;0,0092;10829;ca. hver 433. klubaften;597;ja;
2;81;E K x x x x;B 10 9;9;0,0054;18565;ca. hver 743. klubaften;625;ja;
2;82;E K x x x x;B 9 8;9;0,0023;43317;ca. hver 1.733. klubaften;650;ja;
2;83;E B x x x x;K 9 x;9;0,0162;6188;ca. hver 248. klubaften;527;ja;
2;84;E K 8 x x;B x x x;9;0,0115;8663;ca. hver 347. klubaften;563;ja;
2;85;E K x x x x;B 10 9 x;10;0,0070;14233;ca. hver 569. klubaften;;nej;holdingen har 6+4 kort, men fordelingen er 5-4
2;86;E B 9 x x;K 10 x x;9;0,0404;2475;ca. hver 99. klubaften;359;ja;
2;87;E B x x x;K 9 8 7;9;0,0019;51981;ca. hver 2.079. klubaften;653;ja;
2;88;E B x x x;K 9 x x;9;0,0404;2475;ca. hver 99. klubaften;360;ja;
2;89;E 9 x x x;K B x x;9;0,0404;2475;ca. hver 99. klubaften;361;ja;
2;90;B x x x x;E K x x;9;0,2424;413;ca. hver 17. klubaften;96;ja;
2;91;B 10 9 x x;E K x x;9;0,0404;2475;ca. hver 99. klubaften;362;ja;
2;92;E K 9 x … x;B x;10;;;;;nej;uklart antal kort (…)
2;93;E K 9 x x x x;B x x;10;0,0049;20333;ca. hver 813. klubaften;630;ja;
2;94;E B x x x x x;K x x;10;0,0354;2824;ca. hver 113. klubaften;389;ja;
2;95;E K 9 x x x;B x x x;10;0,0094;10675;ca. hver 427. klubaften;595;ja;
2;96;K x x x x x;E B 9 8;10;0,0004;249075;ca. hver 9.963. klubaften;659;ja;
2;97;K 9 x x x x;E B 10 x;10;0,0070;14233;ca. hver 569. klubaften;618;ja;
2;98;E K 9 x x;B x x x x;10;0,0079;12651;ca. hver 506. klubaften;611;ja;
2;99;E B 9 x x;K 10 x x x;10;0,0158;6326;ca. hver 253. klubaften;533;ja;
2;100;E B x x x;K x x x x;10;0,0949;1054;ca. hver 42. klubaften;205;ja;
3;1;E D B 9;x;5;0,0199;5025;ca. hver 201. klubaften;491;ja;
3;2;E D B 9 8;x;6;0,0081;12376;ca. hver 495. klubaften;606;ja;
3;3;E D B 9 x;x;6;0,0566;1768;ca. hver 71. klubaften;316;ja;
3;4;E D B 9;x x;6;0,0377;2652;ca. hver 106. klubaften;378;ja;
3;5;E D 9 8;B x;6;0,0108;9282;ca. hver 371. klubaften;569;ja;
3;6;E D 9 x;B x;6;0,0754;1326;ca. hver 53. klubaften;258;ja;
3;7;E D 8 x;B 9;6;0,0108;9282;ca. hver 371. klubaften;570;ja;
3;8;E D x x;B 9;6;0,0377;2652;ca. hver 106. klubaften;379;ja;
3;9;E D x x;B x;6;0,4525;221;ca. hver 9. klubaften;57;ja;
3;10;E D x;B x x;6;0,4977;201;ca. hver 8. klubaften;51;ja;
3;11;E x x;D B 9;6;0,0415;2411;ca. hver 96. klubaften;356;ja;
3;12;E D B 9 8 x;x;7;0,0162;6188;ca. hver 248. klubaften;528;ja;
3;13;E D B 9 x x;x;7;0,0566;1768;ca. hver 71. klubaften;317;ja;
3;14;E D B 9 8;x x;7;0,0121;8251;ca. hver 330. klubaften;560;ja;
3;15;E D B 9 x;x x;7;0,0848;1179;ca. hver 47. klubaften;238;ja;
3;16;E D 9 8 x;B x;7;0,0242;4125;ca. hver 165. klubaften;470;ja;
3;17;E D 9 x x;B x;7;0,0848;1179;ca. hver 47. klubaften;239;ja;
3;18;E D x x x;B 9;7;0,0283;3536;ca. hver 141. klubaften;424;ja;
3;19;E D x x x;B x;7;0,4072;246;ca. hver 10. klubaften;66;ja;
3;20;D B 9 8 7;E x;7;0,0040;24753;ca. hver 990. klubaften;640;ja;
3;21;D B 9 x x;E x;7;0,0848;1179;ca. hver 47. klubaften;240;ja;
3;22;D B x x x;E 9;7;0,0283;3536;ca. hver 141. klubaften;425;ja;
3;23;E D B x;x x x;7;0,4977;201;ca. hver 8. klubaften;52;ja;
3;24;E D B x;B x x;7;;;;;nej;et kort står to gange
3;25;E D 9 8;B x x;7;0,0148;6751;ca. hver 270. klubaften;538;ja;
3;26;E D 9 x;B x x;7;0,1037;964;ca. hver 39. klubaften;178;ja;
3;27;E D 8 7;B x x;7;0,0099;10126;ca. hver 405. klubaften;585;ja;
3;28;E D 8 x;B x x;7;0,0593;1688;ca. hver 68. klubaften;298;ja;
3;29;E D x x;B 9 8;7;0,0148;6751;ca. hver 270. klubaften;539;ja;
3;30;E D x x;B 9 x;7;0,1037;964;ca. hver 39. klubaften;179;ja;
3;31;E 9 8 x;D B x;7;0,0296;3375;ca. hver 135. klubaften;419;ja;
3;32;E 9 x x;D B x;7;0,1037;964;ca. hver 39. klubaften;180;ja;
3;33;D B 9 x;E x x x;8;0,0658;1519;ca. hver 61. klubaften;;nej;holdingen har 4+4 kort, men fordelingen er 4-3
3;34;D B x x;E x x;7;0,7466;134;ca. hver 5. klubaften;25;ja;
3;35;B 9 8 7;E D x;7;0,0049;20252;ca. hver 810. klubaften;627;ja;
3;36;B 9 8 x;E D x;7;0,0296;3375;ca. hver 135. klubaften;420;ja;
3;37;B 9 x x;E D x;7;0,1037;964;ca. hver 39. klubaften;181;ja;
3;38;B x x x;E D x;7;0,4977;201;ca. hver 8. klubaften;53;ja;
3;39;E D B 9 x x x;x;8;0,0251;3978;ca. hver 159. klubaften;462;ja;
3;40;E D B 9 x x;x x;8;0,0646;1547;ca. hver 62. klubaften;283;ja;
3;41;E D 9 8 x x;B x;8;0,0185;5415;ca. hver 217. klubaften;508;ja;
3;42;E D 9 x x x;B x;8;0,0431;2321;ca. hver 93. klubaften;347;ja;
3;43;E D x x x x;B 9;8;0,0108;9282;ca. hver 371. klubaften;571;ja;
3;44;E D x x x x;B 9;8;0,0108;9282;ca. hver 371. klubaften;;nej;dublet af case 43
3;45;E D x x x x;B x;8;0,1939;516;ca. hver 21. klubaften;122;ja;
3;47;D B 9 x x x;E x;8;0,0431;2321;ca. hver 93. klubaften;348;ja;
3;48;E D 10 x x;B x x;8;0,1778;563;ca. hver 23. klubaften;130;ja;
3;49;E D 9 7 6;B 8 x;8;0,0017;59069;ca. hver 2.363. klubaften;655;ja;
3;50;E D 9 x x;B x x;8;0,0889;1125;ca. hver 45. klubaften;210;ja;
3;51;E D 8 x x;B x x;8;0,0381;2625;ca. hver 105. klubaften;370;ja;
3;52;E D x x x;B 9 8;8;0,0085;11814;ca. hver 473. klubaften;604;ja;
3;53;E D x x x;B 9 x;8;0,0593;1688;ca. hver 68. klubaften;299;ja;
3;54;E D 6 x x;B 9 x;8;0,0051;19690;ca. hver 788. klubaften;626;ja;
3;55;E D x x x;B 9 x;8;0,0593;1688;ca. hver 68. klubaften;;nej;dublet af case 53
3;56;E D 7 x x;B x x;8;0,0127;7876;ca. hver 315. klubaften;551;ja;
3;57;E 9 x x x;D B x;8;0,0593;1688;ca. hver 68. klubaften;300;ja;
3;58;E x x x x;D B 9;8;0,0148;6751;ca. hver 270. klubaften;540;ja;
3;59;D B 9 x x;E x x;8;0,0889;1125;ca. hver 45. klubaften;211;ja;
3;60;B 9 x x x;E D x;8;0,0593;1688;ca. hver 68. klubaften;301;ja;
3;61;B x x x x;E D 9;8;0,0148;6751;ca. hver 270. klubaften;541;ja;
3;62;B 7 x x x;E D 9;8;0,0042;23628;ca. hver 945. klubaften;638;ja;
3;63;B 7 x x x;E D 6;8;0,0017;59069;ca. hver 2.363. klubaften;656;ja;
3;64;E D B x;x x x x;8;0,2963;338;ca. hver 14. klubaften;80;ja;
3;65;E D B x;B x x x;8;;;;;nej;et kort står to gange
3;66;E D 9 8;B x x x;8;0,0094;10632;ca. hver 425. klubaften;591;ja;
3;67;E D 9 x;B x x x;8;0,0658;1519;ca. hver 61. klubaften;277;ja;
3;68;E D 8 x;B x x x;8;0,0282;3544;ca. hver 142. klubaften;431;ja;
3;69;E D x x;B 9 8 x;8;0,0282;3544;ca. hver 142. klubaften;432;ja;
3;70;E D x x;B 9 x x;8;0,0988;1013;ca. hver 41. klubaften;194;ja;
3;71;E D x x;B x x x;8;0,5925;169;ca. hver 7. klubaften;34;ja;
3;72;E D 9 x;B x x x;8;0,0658;1519;ca. hver 61. klubaften;;nej;dublet af case 67
3;73;E D 8 x;B x x x;8;0,0282;3544;ca. hver 142. klubaften;;nej;dublet af case 68
3;74;E 9 8 x;D B x x;8;0,0282;3544;ca. hver 142. klubaften;433;ja;
3;75;E x x x;D B x x;8;0,5925;169;ca. hver 7. klubaften;35;ja;
3;76;D B 9 x;E x x x;8;0,0658;1519;ca. hver 61. klubaften;278;ja;
3;77;D B x x;E 9 x x;8;0,0988;1013;ca. hver 41. klubaften;195;ja;
3;78;E D B 10 x … x;x;10;;;;;nej;uklart antal kort (…)
3;79;E D 9 x x x x;B x;9;0,0103;9724;ca. hver 389. klubaften;578;ja;
3;80;D B x x x x x;E x;9;0,0494;2026;ca. hver 81. klubaften;336;ja;
3;81;E D 9 x x x;B x x;9;0,0323;3094;ca. hver 124. klubaften;405;ja;
3;82;E D 8 x x x;B x x;9;0,0092;10829;ca. hver 433. klubaften;598;ja;
3;83;E D 7 x x x;B 9 8;9;0,0015;64976;ca. hver 2.599. klubaften;657;ja;
3;84;E D x x x x;B 9 8;9;0,0023;43317;ca. hver 1.733. klubaften;651;ja;
3;85;E x x x x x;D B 9;9;0,0032;30941;ca. hver 1.238. klubaften;643;ja;
3;86;E x x x x x;D B x;9;0,0776;1289;ca. hver 52. klubaften;253;ja;
3;87;D B 9 x x x;E x x;9;0,0323;3094;ca. hver 124. klubaften;406;ja;
3;88;D B x x x x;E x x;9;0,1939;516;ca. hver 21. klubaften;123;ja;
3;89;B 9 8 x x x;E D x;9;0,0092;10829;ca. hver 433. klubaften;599;ja;
3;90;E D B x x;x x x x;9;0,2424;413;ca. hver 17. klubaften;97;ja;
3;91;E D 9 7 x;B 8 x x;9;0,0058;17327;ca. hver 693. klubaften;624;ja;
3;92;E D 9 7 x;B 8 x x;9;0,0058;17327;ca. hver 693. klubaften;;nej;dublet af case 91
3;93;E D 8 x x;B x x x;9;0,0115;8663;ca. hver 347. klubaften;564;ja;
3;94;E 9 8 x x;D B x x;9;0,0173;5776;ca. hver 231. klubaften;510;ja;
3;95;E 9 x x x;D B x x;9;0,0404;2475;ca. hver 99. klubaften;363;ja;
3;96;E x x x x;D B 9 x;9;0,0202;4951;ca. hver 198. klubaften;483;ja;
3;97;E x x x x;D B x x;9;0,2424;413;ca. hver 17. klubaften;98;ja;
3;98;D B 9 x x;E x x x;9;0,0404;2475;ca. hver 99. klubaften;364;ja;
3;99;D B x x x;E x x x;9;0,3232;309;ca. hver 12. klubaften;76;ja;
3;100;B 9 8 x x;E D x x;9;0,0173;5776;ca. hver 231. klubaften;511;ja;
3;101;E B 9 x … x;D x;10;;;;;nej;uklart antal kort (…)
3;102;E D B x x x x;8 7 6;10;0,0000;2134930;ca. hver 85.397. klubaften;660;ja;
3;103;E B 9 x x x x;D x x;10;0,0049;20333;ca. hver 813. klubaften;631;ja;
3;104;D B x x x x x;E x x;10;0,0354;2824;ca. hver 113. klubaften;390;ja;
3;105;E D B x x x;x x x x;10;0,0843;1186;ca. hver 47. klubaften;250;ja;
3;106;E B 9 x x x;D x x x;10;0,0094;10675;ca. hver 427. klubaften;596;ja;
3;107;D B x x x x;E x x x;10;0,0843;1186;ca. hver 47. klubaften;251;ja;
3;108;E D B x x;x x x x x;10;0,0569;1757;ca. hver 70. klubaften;312;ja;
3;109;E B 9 x x;D x x x x;10;0,0079;12651;ca. hver 506. klubaften;612;ja;
3;110;E x x x x;D B x x x;10;0,0949;1054;ca. hver 42. klubaften;206;ja;
3;111;E D B x x x;x x x x x;11;0,0126;7907;ca. hver 316. klubaften;556;ja;
3;2.1;E K 10 9 8;x;6;0,0081;12376;ca. hver 495. klubaften;607;ja;
3;2.2;E K 10 9;x x;6;0,0377;2652;ca. hver 106. klubaften;380;ja;
3;2.3;E 9 x x;K 10;6;0,0377;2652;ca. hver 106. klubaften;381;ja;
3;2.4;E K 10 9 x;x x;7;0,0848;1179;ca. hver 47. klubaften;241;ja;
3;2.5;E 10 x x x;K 9;7;0,0283;3536;ca. hver 141. klubaften;426;ja;
3;2.6;E 10 9 x x;K x;7;0,0848;1179;ca. hver 47. klubaften;242;ja;
3;2.7;E K 10 9;x x x;7;0,0346;2893;ca. hver 116. klubaften;;nej;holdingen har 4+3 kort, men fordelingen er 5-2
3;2.8;E K 9 x;10 x x;7;0,1037;964;ca. hver 39. klubaften;182;ja;
3;2.9;E 10 9 x;K 8 x;7;0,0296;3375;ca. hver 135. klubaften;421;ja;
3;2.10;E 10 x x;K 9 x;7;0,1037;964;ca. hver 39. klubaften;183;ja;
3;2.11;E 10 x x;K x x;7;0,4148;241;ca. hver 10. klubaften;60;ja;
3;2.12;E K 10 9 x x;x x;8;0,0646;1547;ca. hver 62. klubaften;284;ja;
3;2.13;E 10 9 x x x;K x;8;0,0431;2321;ca. hver 93. klubaften;349;ja;
3;2.14;E 10 x x x x;K 9;8;0,0108;9282;ca. hver 371. klubaften;572;ja;
3;2.15;E K 10 9 x;x x x;8;0,0593;1688;ca. hver 68. klubaften;302;ja;
3;2.16;E K 9 x x;10 x x;8;0,0889;1125;ca. hver 45. klubaften;212;ja;
3;2.17;E K 8 x x;10 x x;8;0,0381;2625;ca. hver 105. klubaften;371;ja;
3;2.18;E 10 9 x x;K x x;8;0,0889;1125;ca. hver 45. klubaften;213;ja;
3;2.19;E 10 x x x;K 9 x;8;0,0593;1688;ca. hver 68. klubaften;303;ja;
3;2.20;E 10 x x x;K 8 x;8;0,0254;3938;ca. hver 158. klubaften;457;ja;
3;2.21;E 10 x x x;K x x;8;0,2370;422;ca. hver 17. klubaften;102;ja;
3;2.22;E K 10 9;x x x x;8;0,0165;6076;ca. hver 243. klubaften;521;ja;
3;2.23;E K 8 x;10 x x x;8;0,0282;3544;ca. hver 142. klubaften;434;ja;
3;2.24;E 10 9 8;K x x x;8;0,0094;10632;ca. hver 425. klubaften;592;ja;
3;2.25;E 10 x x;K 9 x x;8;0,0988;1013;ca. hver 41. klubaften;196;ja;
3;2.26;E 10 x x;K 8 x x;8;0,0423;2363;ca. hver 95. klubaften;354;ja;
3;2.27;E 10 x x;K x x x;8;0,2633;380;ca. hver 15. klubaften;90;ja;
3;2.28;E K 10 9 x x;x x x;9;0,0323;3094;ca. hver 124. klubaften;407;ja;
3;2.29;E K 8 x x x;10 x x;9;0,0092;10829;ca. hver 433. klubaften;600;ja;
3;2.30;E 10 x x x x;K 9 x;9;0,0162;6188;ca. hver 248. klubaften;529;ja;
3;2.31;9 8 7 6 x x;E K x;9;0,0018;54147;ca. hver 2.166. klubaften;654;ja;
3;2.32;E K 10 9 x;x x x x;9;0,0202;4951;ca. hver 198. klubaften;484;ja;
3;2.33;E K 9 x x;10 x x x;9;0,0404;2475;ca. hver 99. klubaften;365;ja;
3;2.34;E K 8 x x;10 x x x;9;0,0115;8663;ca. hver 347. klubaften;565;ja;
3;2.35;E 10 x x x;K 9 x x;9;0,0404;2475;ca. hver 99. klubaften;366;ja;
3;2.36;E K x x x;10 9 8 x x;10;0,0045;22140;ca. hver 886. klubaften;636;ja;
4;1;K D B 9;x;5;0,0199;5025;ca. hver 201. klubaften;492;ja;
4;2;K D B 9 8;–;5;0,0020;50808;ca. hver 2.032. klubaften;;nej;holdingen har 5+0 kort, men fordelingen er 5-1
4;3;K D B 9 x;x;6;0,0566;1768;ca. hver 71. klubaften;318;ja;
4;4;K D B x x;x;6;0,3394;295;ca. hver 12. klubaften;70;ja;
4;5;K D B 9;x x;6;0,0377;2652;ca. hver 106. klubaften;382;ja;
4;6;K D 9 x;B x;6;0,0754;1326;ca. hver 53. klubaften;259;ja;
4;7;K D x x;–;4;0,1771;565;ca. hver 23. klubaften;;nej;holdingen har 4+0 kort, men fordelingen er 4-2
4;8;K D B 9 x x;x;7;0,0566;1768;ca. hver 71. klubaften;319;ja;
4;9;K D B 9 8;x x;7;0,0121;8251;ca. hver 330. klubaften;561;ja;
4;10;K D B 9 x;x x;7;0,0848;1179;ca. hver 47. klubaften;243;ja;
4;11;K D B x x;9 x;7;0,0848;1179;ca. hver 47. klubaften;244;ja;
4;12;K D 9 x x;B 8;7;0,0121;8251;ca. hver 330. klubaften;562;ja;
4;13;K D 9 x x;B x;7;0,0848;1179;ca. hver 47. klubaften;245;ja;
4;14;K D x x x;B 9;7;0,0283;3536;ca. hver 141. klubaften;427;ja;
4;15;K D B 9;x x x;7;0,0346;2893;ca. hver 116. klubaften;392;ja;
4;16;K D 9 x;x x x;7;0,1383;723;ca. hver 29. klubaften;140;ja;
4;17;K D x x;B 9 x;7;0,1037;964;ca. hver 39. klubaften;184;ja;
4;18;K D x x;B x x;7;0,7466;134;ca. hver 5. klubaften;26;ja;
4;19;K 9 x x;D B x;7;0,1037;964;ca. hver 39. klubaften;185;ja;
4;20;K x x x;D B x;7;0,4977;201;ca. hver 8. klubaften;54;ja;
4;21;K D B 9 x x x;x;8;0,0251;3978;ca. hver 159. klubaften;463;ja;
4;22;K D B x x x;9 x;8;0,0431;2321;ca. hver 93. klubaften;350;ja;
4;23;K D x x x x;B 9;8;0,0108;9282;ca. hver 371. klubaften;573;ja;
4;24;K D 9 7 x;B x x;8;0,0127;7876;ca. hver 315. klubaften;552;ja;
4;25;K D 9 x x;B 8 x;8;0,0254;3938;ca. hver 158. klubaften;458;ja;
4;26;K D 9 x x;B x x;8;0,0889;1125;ca. hver 45. klubaften;214;ja;
4;27;K D 8 x x;B x x;8;0,0381;2625;ca. hver 105. klubaften;372;ja;
4;28;K D x x x;B 9 x;8;0,0593;1688;ca. hver 68. klubaften;304;ja;
4;29;K D B 9;x x x x;8;0,0165;6076;ca. hver 243. klubaften;522;ja;
4;30;K D B 9;x x x x;8;0,0165;6076;ca. hver 243. klubaften;;nej;dublet af case 29
4;31;K D 9 x;B x x x;8;0,0658;1519;ca. hver 61. klubaften;279;ja;
4;32;K D 8 x;B x x x;8;0,0282;3544;ca. hver 142. klubaften;435;ja;
4;33;K D 7 x;B 9 x x;8;0,0141;7088;ca. hver 284. klubaften;550;ja;
4;34;K D 9 x x x;B 8 x;9;0,0092;10829;ca. hver 433. klubaften;601;ja;
4;35;K D 8 x x x;B x x;9;0,0092;10829;ca. hver 433. klubaften;602;ja;
4;36;K D 9 x x;B 8 x x;9;0,0173;5776;ca. hver 231. klubaften;512;ja;
4;37;K D 8 x x;B x x x;9;0,0115;8663;ca. hver 347. klubaften;566;ja;
4;2.1;E D 10 9;x;5;0,0199;5025;ca. hver 201. klubaften;493;ja;
4;2.2;E D 10;x x;5;0,0955;1047;ca. hver 42. klubaften;201;ja;
4;2.3;E D 9;x x;5;0,0716;1396;ca. hver 56. klubaften;262;ja;
4;2.4;E 10 9;D x;5;0,0239;4188;ca. hver 168. klubaften;471;ja;
4;2.5;E 10 x;D x;5;0,1910;523;ca. hver 21. klubaften;124;ja;
4;2.6;D 10 9;E x;5;0,0239;4188;ca. hver 168. klubaften;472;ja;
4;2.7;D x x;E 10;5;0,0955;1047;ca. hver 42. klubaften;202;ja;
4;2.8;E D 10 9 8;x;6;0,0081;12376;ca. hver 495. klubaften;608;ja;
4;2.9;E D 10 9;x x;6;0,0377;2652;ca. hver 106. klubaften;383;ja;
4;2.10;E D 10 8;x x;6;0,0269;3713;ca. hver 149. klubaften;440;ja;
4;2.11;E D 9 8;x x;6;0,0269;3713;ca. hver 149. klubaften;441;ja;
4;2.12;E 10 9 x;D x;6;0,0754;1326;ca. hver 53. klubaften;260;ja;
4;2.13;D 10 9 8;E x;6;0,0108;9282;ca. hver 371. klubaften;574;ja;
4;2.14;D 9 x x;E 10;6;0,0377;2652;ca. hver 106. klubaften;384;ja;
4;2.15;D x x x;E 10;6;0,1005;995;ca. hver 40. klubaften;191;ja;
4;2.16;E D 10;x x x;6;0,1106;904;ca. hver 36. klubaften;165;ja;
4;2.17;E D 9;x x x;6;0,0691;1447;ca. hver 58. klubaften;269;ja;
4;2.18;E D x;10 x x;6;0,3318;301;ca. hver 12. klubaften;72;ja;
4;2.19;E D x;x x x;6;1,6591;60;ca. hver 2. klubaften;9;ja;
4;2.20;E 10 9;D x x;6;0,0415;2411;ca. hver 96. klubaften;357;ja;
4;2.21;E 10 x;D x x;6;0,3318;301;ca. hver 12. klubaften;73;ja;
4;2.22;E x x;D 10 x;6;0,3318;301;ca. hver 12. klubaften;74;ja;
4;2.23;E D 10 9 x x;x;7;0,0566;1768;ca. hver 71. klubaften;320;ja;
4;2.24;E D 10 9 x;x x;7;0,0848;1179;ca. hver 47. klubaften;246;ja;
4;2.25;E D 9 8 x;x x;7;0,0485;2063;ca. hver 83. klubaften;337;ja;
4;2.26;E D x x x;10 x;7;0,2262;442;ca. hver 18. klubaften;112;ja;
4;2.27;E 10 9 x x;D x;7;0,0848;1179;ca. hver 47. klubaften;247;ja;
4;2.28;D x x x x;E 10;7;0,0566;1768;ca. hver 71. klubaften;321;ja;
4;2.29;E D 10 9;x x x;7;0,0346;2893;ca. hver 116. klubaften;393;ja;
4;2.30;E D 10 8;x x x;7;0,0198;5063;ca. hver 203. klubaften;496;ja;
4;2.31;E D 10 x;x x x;7;0,2765;362;ca. hver 14. klubaften;82;ja;
4;2.32;E D 9 8;x x x;7;0,0198;5063;ca. hver 203. klubaften;497;ja;
4;2.33;E D 9 x;x x x;7;0,1383;723;ca. hver 29. klubaften;141;ja;
4;2.34;E D x x;10 x x;7;0,4148;241;ca. hver 10. klubaften;61;ja;
4;2.35;E D x x;x x x;7;2,4886;40;ca. hver 2. klubaften;3;ja;
4;2.36;E 10 9 8;D x x;7;0,0148;6751;ca. hver 270. klubaften;542;ja;
4;2.37;E 10 9 x;D x x;7;0,1037;964;ca. hver 39. klubaften;186;ja;
4;2.38;E 10 x x;D 9 x;7;0,1037;964;ca. hver 39. klubaften;187;ja;
4;2.39;E 10 x x;D x x;7;0,4148;241;ca. hver 10. klubaften;62;ja;
4;2.40;E x x x;D 10 9;7;0,0346;2893;ca. hver 116. klubaften;394;ja;
4;2.41;D 10 9 8;E x x;7;0,0148;6751;ca. hver 270. klubaften;543;ja;
4;2.42;D x x x;E 10 9;7;0,0346;2893;ca. hver 116. klubaften;395;ja;
4;2.43;D x x x;E 10 x;7;0,2765;362;ca. hver 14. klubaften;83;ja;
4;2.44;10 9 8 7;E D x;7;0,0049;20252;ca. hver 810. klubaften;628;ja;
4;2.45;10 9 x x;E D x;7;0,1037;964;ca. hver 39. klubaften;188;ja;
4;2.47;E D 10 9 x x x;x;8;0,0251;3978;ca. hver 159. klubaften;464;ja;
4;2.48;E D 10 9 x x;x x;8;0,0646;1547;ca. hver 62. klubaften;285;ja;
4;2.49;E D x x x x;10 x;8;0,0862;1160;ca. hver 46. klubaften;227;ja;
4;2.50;E 10 9 x x x;D x;8;0,0431;2321;ca. hver 93. klubaften;351;ja;
4;2.51;D 9 x x x x;E 10;8;0,0108;9282;ca. hver 371. klubaften;575;ja;
4;2.52;D x x x x x;E 10;8;0,0172;5801;ca. hver 232. klubaften;514;ja;
4;2.53;E D 10 9 x;x x x;8;0,0593;1688;ca. hver 68. klubaften;305;ja;
4;2.54;E D 10 8 x;x x x;8;0,0254;3938;ca. hver 158. klubaften;459;ja;
4;2.55;E D 10 x x;x x x;8;0,2370;422;ca. hver 17. klubaften;103;ja;
4;2.56;E D 9 x x;10 x x;8;0,0889;1125;ca. hver 45. klubaften;215;ja;
4;2.57;E D 9 x x;x x x;8;0,0889;1125;ca. hver 45. klubaften;216;ja;
4;2.58;E D x x x;10 x x;8;0,2370;422;ca. hver 17. klubaften;104;ja;
4;2.59;E D x x x;x x x;8;1,7776;56;ca. hver 2. klubaften;7;ja;
4;2.60;E 10 9 x x;D x x;8;0,0889;1125;ca. hver 45. klubaften;217;ja;
4;2.61;E 10 x x x;D x x;8;0,2370;422;ca. hver 17. klubaften;105;ja;
4;2.62;E 9 7 x x;D 10 8;8;0,0042;23628;ca. hver 945. klubaften;639;ja;
4;2.63;E 9 x x x;D 10 8;8;0,0085;11814;ca. hver 473. klubaften;605;ja;
4;2.64;E 9 x x x;D 10 x;8;0,0593;1688;ca. hver 68. klubaften;306;ja;
4;2.65;E x x x x;D 10 9;8;0,0148;6751;ca. hver 270. klubaften;544;ja;
4;2.66;E x x x x;D 10 x;8;0,1185;844;ca. hver 34. klubaften;160;ja;
4;2.67;D 10 9 x x;E 8 x;8;0,0254;3938;ca. hver 158. klubaften;460;ja;
4;2.68;D x x x x;E 10 x;8;0,1185;844;ca. hver 34. klubaften;161;ja;
4;2.69;10 x x x;E D x;7;0,2765;362;ca. hver 14. klubaften;;nej;holdingen har 4+3 kort, men fordelingen er 5-3
4;2.70;E D 10 9;x x x x;8;0,0165;6076;ca. hver 243. klubaften;523;ja;
4;2.71;E D 10 8;x x x x;8;0,0071;14177;ca. hver 567. klubaften;614;ja;
4;2.72;E D 9 x;x x x x;8;0,0494;2025;ca. hver 81. klubaften;335;ja;
4;2.73;E D x x;10 x x x;8;0,2633;380;ca. hver 15. klubaften;91;ja;
4;2.74;E D x x;x x x x;8;1,4813;68;ca. hver 3. klubaften;11;ja;
4;2.75;E 10 9 8;D x x x;8;0,0094;10632;ca. hver 425. klubaften;593;ja;
4;2.76;E 10 9 x;D x x x;8;0,0658;1519;ca. hver 61. klubaften;280;ja;
4;2.77;E 10 x x;D 9 x x;8;0,0988;1013;ca. hver 41. klubaften;197;ja;
4;2.78;E 10 x x;D x x x;8;0,2633;380;ca. hver 15. klubaften;92;ja;
4;2.79;D x x x;E 10 8 7;8;0,0047;21265;ca. hver 851. klubaften;632;ja;
4;2.80;E x x x;D 10 9 x;8;0,0658;1519;ca. hver 61. klubaften;281;ja;
4;2.81;E x x x;D 10 x x;8;0,2633;380;ca. hver 15. klubaften;93;ja;
4;2.82;E D 10 9 x … x;x;10;;;;;nej;uklart antal kort (…)
4;2.83;E D 10 x x x x;x;8;0,0503;1989;ca. hver 80. klubaften;;nej;holdingen har 7+1 kort, men fordelingen er 7-2
4;2.84;E D x x x x x;10 x;9;0,0165;6078;ca. hver 243. klubaften;526;ja;
4;2.85;E 10 9 8 x x x;D x;9;0,0059;17018;ca. hver 681. klubaften;622;ja;
4;2.86;E 10 9 x x x x;D x;9;0,0103;9724;ca. hver 389. klubaften;579;ja;
4;2.87;D 10 9 x x x x;E x;9;0,0103;9724;ca. hver 389. klubaften;580;ja;
4;2.88;D x x x x x x;E 10;9;0,0027;36466;ca. hver 1.459. klubaften;649;ja;
4;2.89;E D 10 x x x;x x x;9;0,0862;1160;ca. hver 46. klubaften;228;ja;
4;2.90;E D x x x x;10 x x;9;0,0646;1547;ca. hver 62. klubaften;286;ja;
4;2.91;E D x x x x;x x x;9;0,6464;155;ca. hver 6. klubaften;30;ja;
4;2.92;E 10 9 x x x;D x x;9;0,0323;3094;ca. hver 124. klubaften;408;ja;
4;2.93;E 10 x x x x;D x x;9;0,0646;1547;ca. hver 62. klubaften;287;ja;
4;2.94;E x x x x x;D 10 9;9;0,0032;30941;ca. hver 1.238. klubaften;644;ja;
4;2.95;E x x x x x;D 10 x;9;0,0259;3868;ca. hver 155. klubaften;452;ja;
4;2.96;D 10 9 x x x;E x x;9;0,0323;3094;ca. hver 124. klubaften;409;ja;
4;2.97;D 8 x x x x;E 10 9;9;0,0023;43317;ca. hver 1.733. klubaften;652;ja;
4;2.98;D x x x x x;E 10 x;9;0,0259;3868;ca. hver 155. klubaften;453;ja;
4;2.99;E D 10 x x;x x x x;9;0,0808;1238;ca. hver 50. klubaften;252;ja;
4;2.100;E D x x x;10 x x x;9;0,1077;928;ca. hver 37. klubaften;168;ja;
4;2.101;E D x x x;x x x x;9;0,8080;124;ca. hver 5. klubaften;17;ja;
4;2.102;E 10 9 x x;D 8 x x;9;0,0173;5776;ca. hver 231. klubaften;513;ja;
4;2.103;E 10 9 x x;D x x x;9;0,0404;2475;ca. hver 99. klubaften;367;ja;
4;2.104;E 10 x x x;D 9 x x;9;0,0404;2475;ca. hver 99. klubaften;368;ja;
4;2.105;E x x x x;D 10 9 x;9;0,0202;4951;ca. hver 198. klubaften;485;ja;
4;2.106;E D 10 x x;x x x x x;10;0,0126;7907;ca. hver 316. klubaften;557;ja;
4;2.107;E 10 9 x x;D x x x x;10;0,0079;12651;ca. hver 506. klubaften;613;ja;
4;2.108;E D 10 x x x;x x x x x;11;0,0014;71164;ca. hver 2.847. klubaften;658;ja;
5;1;K D 10 9;x;5;0,0199;5025;ca. hver 201. klubaften;494;ja;
5;2;K D 10;x x;5;0,0955;1047;ca. hver 42. klubaften;203;ja;
5;3;K 10 x;D x;5;0,1910;523;ca. hver 21. klubaften;125;ja;
5;4;K x x;D 10;5;0,0955;1047;ca. hver 42. klubaften;204;ja;
5;5;K D 10 9 8;x;6;0,0081;12376;ca. hver 495. klubaften;609;ja;
5;6;K D 10 9;x x;6;0,0377;2652;ca. hver 106. klubaften;385;ja;
5;7;K D 9 8;x x;6;0,0269;3713;ca. hver 149. klubaften;442;ja;
5;8;K D x x;10 x;6;0,3016;332;ca. hver 13. klubaften;78;ja;
5;9;K D 10;x x x;6;0,1106;904;ca. hver 36. klubaften;;nej;holdingen har 3+3 kort, men fordelingen er 4-2
5;10;K D 10 9 x x;x;7;0,0566;1768;ca. hver 71. klubaften;322;ja;
5;11;K D 10 8 x x;x;7;0,0323;3094;ca. hver 124. klubaften;410;ja;
5;12;K D 9 8 x x;x;7;0,0323;3094;ca. hver 124. klubaften;411;ja;
5;13;K D 10 9 x;x x;7;0,0848;1179;ca. hver 47. klubaften;248;ja;
5;14;K D 9 8 x;x x;7;0,0485;2063;ca. hver 83. klubaften;338;ja;
5;15;K D x x x;10 x;7;0,2262;442;ca. hver 18. klubaften;113;ja;
5;16;K D 10 9;x x x;7;0,0346;2893;ca. hver 116. klubaften;396;ja;
5;17;K D 9 8;x x x;7;0,0198;5063;ca. hver 203. klubaften;498;ja;
5;18;K 10 9 x;D x x;7;0,1037;964;ca. hver 39. klubaften;189;ja;
5;19;K 10 x x;D 9 x;7;0,1037;964;ca. hver 39. klubaften;190;ja;
5;20;K x x x;D 10 9;7;0,0346;2893;ca. hver 116. klubaften;397;ja;
5;21;K x x x;D 10 x;7;0,2765;362;ca. hver 14. klubaften;84;ja;
5;22;10 9 8 7;K D x;7;0,0049;20252;ca. hver 810. klubaften;629;ja;
5;23;K D 10 9 x x x;x;8;0,0251;3978;ca. hver 159. klubaften;465;ja;
5;24;K D 10 x x x x;x;8;0,0503;1989;ca. hver 80. klubaften;332;ja;
5;25;K D x x x x x;x;8;0,2262;442;ca. hver 18. klubaften;114;ja;
5;26;K D 10 9 x x;x x;8;0,0646;1547;ca. hver 62. klubaften;288;ja;
5;27;K D 10 x x x;x x;8;0,1724;580;ca. hver 23. klubaften;132;ja;
5;28;K D x x x x;10 x;8;0,0862;1160;ca. hver 46. klubaften;229;ja;
5;29;K D 10 x x;x x x;8;0,2370;422;ca. hver 17. klubaften;106;ja;
5;30;K 9 x x x;D 10 x;8;0,0593;1688;ca. hver 68. klubaften;307;ja;
5;31;K x x x x;D 10 9;8;0,0148;6751;ca. hver 270. klubaften;545;ja;
5;32;K x x x x;D 10 x;8;0,1185;844;ca. hver 34. klubaften;162;ja;
5;33;K D 10 9;x x x x;8;0,0165;6076;ca. hver 243. klubaften;524;ja;
5;34;K D 10 x;x x x x;8;0,1317;759;ca. hver 30. klubaften;152;ja;
5;35;K 10 x x;D x x x;8;0,2633;380;ca. hver 15. klubaften;94;ja;
5;36;K x x x;D 10 9 8;8;0,0094;10632;ca. hver 425. klubaften;594;ja;
5;37;K x x x;D x x x;8;1,9751;51;ca. hver 2. klubaften;5;ja;
5;38;K D 10 x x x;x x;8;0,1724;580;ca. hver 23. klubaften;;nej;holdingen har 6+2 kort, men fordelingen er 7-2
5;39;K D 10 9 x … x;–;9;;;;;nej;uklart antal kort (…)
5;40;K D 9 x … x;–;8;;;;;nej;uklart antal kort (…)
5;41;K D 8 x x x;x x x;9;0,0031;32488;ca. hver 1.300. klubaften;;nej;samme kort som side 5 case 43
5;42;K D x x x x;10 x x;9;0,0646;1547;ca. hver 62. klubaften;289;ja;
5;43;K D x x x x;x x x;9;0,6464;155;ca. hver 6. klubaften;31;ja;
5;44;K D 10 9 x;x x x x;9;0,0202;4951;ca. hver 198. klubaften;486;ja;
5;45;K 9 x x x;D 10 x x;9;0,0404;2475;ca. hver 99. klubaften;369;ja;
5;47;K 9 x x x;D x x x;9;0,0269;3713;ca. hver 149. klubaften;443;ja;
5;48;K D 9 x … x;x;9;;;;;nej;uklart antal kort (…)
5;49;K D 10 x … x;x x;10;;;;;nej;uklart antal kort (…)
5;50;K D x … x;x x;9;;;;;nej;uklart antal kort (…)
5;51;K D x … x;x x x;10;;;;;nej;uklart antal kort (…)
5;52;K 10 x … x;D x x;10;;;;;nej;uklart antal kort (…)
5;2.1;E B 10 9;x;5;0,0199;5025;ca. hver 201. klubaften;495;ja;
5;2.2;E B 10 x;x;5;0,1592;628;ca. hver 25. klubaften;137;ja;
5;2.3;E B x x;x;5;0,7164;140;ca. hver 6. klubaften;27;ja;
5;2.4;E B 9;x x;5;0,0716;1396;ca. hver 56. klubaften;263;ja;
5;2.5;E B 8;10 x;5;0,0205;4885;ca. hver 195. klubaften;482;ja;
5;2.6;E B 10 9 8;x;6;0,0081;12376;ca. hver 495. klubaften;610;ja;
5;2.7;E B 10 9 x;x;6;0,0566;1768;ca. hver 71. klubaften;323;ja;
5;2.8;E B 10 x x;x;6;0,2262;442;ca. hver 18. klubaften;115;ja;
5;2.9;E B 10 9;x x;6;0,0377;2652;ca. hver 106. klubaften;386;ja;
5;2.10;E B 9 x;x x;6;0,1885;530;ca. hver 21. klubaften;126;ja;
5;2.11;E B 8 x;10 x;6;0,0539;1856;ca. hver 74. klubaften;328;ja;
5;2.12;E B x x;10 x;6;0,3016;332;ca. hver 13. klubaften;79;ja;
5;2.13;E B 10;x x x;6;0,1106;904;ca. hver 36. klubaften;166;ja;
5;2.14;E B 9;x x x;6;0,0691;1447;ca. hver 58. klubaften;270;ja;
5;2.15;E B 8;10 x x;6;0,0296;3375;ca. hver 135. klubaften;422;ja;
5;2.16;E B x;10 x x;6;0,3318;301;ca. hver 12. klubaften;75;ja;
5;2.17;E x x;B 10 9;6;0,0415;2411;ca. hver 96. klubaften;358;ja;
5;2.18;E B 10 9 8 x;x;7;0,0162;6188;ca. hver 248. klubaften;530;ja;
5;2.19;E B 10 9 x x;x;7;0,0566;1768;ca. hver 71. klubaften;324;ja;
5;2.20;E B 10 8 x x;x;7;0,0323;3094;ca. hver 124. klubaften;412;ja;
5;2.21;E B 9 8 x x;x;7;0,0323;3094;ca. hver 124. klubaften;413;ja;
5;2.22;E B 8 x x x;x;7;0,0323;3094;ca. hver 124. klubaften;414;ja;
5;2.23;B 10 9 x x x;E;7;0,0189;5304;ca. hver 212. klubaften;503;ja;
5;2.24;E B 10 9 x;x x;7;0,0848;1179;ca. hver 47. klubaften;249;ja;
5;2.25;E B 10 8 x;x x;7;0,0485;2063;ca. hver 83. klubaften;339;ja;
5;2.26;E B 9 8 x;x x;7;0,0485;2063;ca. hver 83. klubaften;340;ja;
5;2.27;E B 8 x x;10 x;7;0,0485;2063;ca. hver 83. klubaften;341;ja;
5;2.28;E B 8 x x;9 x;7;0,0485;2063;ca. hver 83. klubaften;342;ja;
5;2.29;E B 10 9;x x x;7;0,0346;2893;ca. hver 116. klubaften;398;ja;
5;2.30;E B 10 x;x x x;7;0,2765;362;ca. hver 14. klubaften;85;ja;
5;2.31;E B 9 8;x x x;7;0,0198;5063;ca. hver 203. klubaften;499;ja;
5;2.32;E B 9 x;x x x;7;0,1383;723;ca. hver 29. klubaften;142;ja;
5;2.33;E B 8 x;10 x x;7;0,0593;1688;ca. hver 68. klubaften;308;ja;
5;2.34;E B x x;10 x x;7;0,4148;241;ca. hver 10. klubaften;63;ja;
5;2.35;E 9 8 7;B x x;7;0,0099;10126;ca. hver 405. klubaften;586;ja;
5;2.36;E x x x;B 10 9;7;0,0346;2893;ca. hver 116. klubaften;399;ja;
5;2.37;B x x x;E 10 x;7;0,2765;362;ca. hver 14. klubaften;86;ja;
5;2.38;E B 10 9 x x x;x;8;0,0251;3978;ca. hver 159. klubaften;466;ja;
5;2.39;E B 10 8 x x x;x;8;0,0108;9282;ca. hver 371. klubaften;576;ja;
5;2.40;E B 10 x x x x;x;8;0,0503;1989;ca. hver 80. klubaften;333;ja;
5;2.41;E B 9 x x x x;x;8;0,0189;5304;ca. hver 212. klubaften;504;ja;
5;2.42;E B 10 x x x;9 x;8;0,0431;2321;ca. hver 93. klubaften;352;ja;
5;2.43;E B 9 x x x;x x;8;0,0646;1547;ca. hver 62. klubaften;290;ja;
5;2.44;E B x x x x;10 x;8;0,0862;1160;ca. hver 46. klubaften;230;ja;
5;2.45;E 9 8 x x x x;B x;9;0,0029;34035;ca. hver 1.361. klubaften;;nej;holdingen har 7+2 kort, men fordelingen er 6-2
5;2.47;E 9 x x x x;B x;8;0,0323;3094;ca. hver 124. klubaften;415;ja;
5;2.48;E B 10 x x;x x x;8;0,2370;422;ca. hver 17. klubaften;107;ja;
5;2.49;E B 9 x x;x x x;8;0,0889;1125;ca. hver 45. klubaften;218;ja;
5;2.50;E B 8 7 x;10 x x;8;0,0127;7876;ca. hver 315. klubaften;553;ja;
5;2.51;E B x x x;10 x x;8;0,2370;422;ca. hver 17. klubaften;108;ja;
5;2.52;E 9 8 7 x;B x x;8;0,0127;7876;ca. hver 315. klubaften;554;ja;
5;2.53;E x x x x;B 10 9;8;0,0148;6751;ca. hver 270. klubaften;546;ja;
5;2.54;B 10 9 x x;E x x;8;0,0889;1125;ca. hver 45. klubaften;219;ja;
5;2.55;E B 10 9;x x x x;8;0,0165;6076;ca. hver 243. klubaften;525;ja;
5;2.56;E B 8 x;10 x x x;8;0,0282;3544;ca. hver 142. klubaften;436;ja;
5;2.57;E B x x;10 x x x;8;0,2633;380;ca. hver 15. klubaften;95;ja;
5;2.58;E 9 8 7;B x x x;8;0,0047;21265;ca. hver 851. klubaften;633;ja;
5;2.59;E B 10 9 x … x;x;10;;;;;nej;uklart antal kort (…)
5;2.60;E B 10 8 x … x;x;10;;;;;nej;uklart antal kort (…)
5;2.61;E B 9 8 x … x;x;10;;;;;nej;uklart antal kort (…)
5;2.62;E B 10 9 x x x;x x;9;0,0206;4862;ca. hver 194. klubaften;481;ja;
5;2.63;E B 9 x x x x;x x;9;0,0103;9724;ca. hver 389. klubaften;581;ja;
5;2.64;E 8 7 x x x x;x x;9;;;;;nej;for få små kort under det laveste navngivne kort til x
5;2.65;E B 10 x x x;x x x;9;0,0862;1160;ca. hver 46. klubaften;231;ja;
5;2.66;E B 9 x x x;x x x;9;0,0215;4641;ca. hver 186. klubaften;478;ja;
5;2.67;E B x x x x;10 x x;9;0,0646;1547;ca. hver 62. klubaften;291;ja;
5;2.68;E 9 x x x x;B x x;9;0,0162;6188;ca. hver 248. klubaften;531;ja;
5;2.69;E x x x x x;B 10 9;9;0,0032;30941;ca. hver 1.238. klubaften;645;ja;
5;2.70;E B 9 x x;x x x x;9;0,0202;4951;ca. hver 198. klubaften;487;ja;
5;2.71;E B x x x;10 x x x;9;0,1077;928;ca. hver 37. klubaften;169;ja;
5;2.72;E 9 x x x;B x x x;9;0,0269;3713;ca. hver 149. klubaften;444;ja;
5;2.73;E x x x x;B 10 9 8;9;0,0029;34654;ca. hver 1.386. klubaften;646;ja;
5;2.74;E B 10 x x;x x x x x;10;0,0126;7907;ca. hver 316. klubaften;558;ja;
6;1;K B 9;x x;5;0,0716;1396;ca. hver 56. klubaften;264;ja;
6;2;K B 10 9;x x;6;0,0377;2652;ca. hver 106. klubaften;387;ja;
6;3;E B 9 8;x x;6;0,0269;3713;ca. hver 149. klubaften;445;ja;
6;4;K B 9;x x x;6;0,0691;1447;ca. hver 58. klubaften;271;ja;
6;5;K B x;x x x;6;0,9954;100;ca. hver 4. klubaften;15;ja;
6;6;K 9 8;B x x;6;0,0296;3375;ca. hver 135. klubaften;423;ja;
6;7;K x x;B 9 x;6;0,2074;482;ca. hver 19. klubaften;116;ja;
6;8;K x x;B x x;6;1,4932;67;ca. hver 3. klubaften;10;ja;
6;9;K B 9 8;x x x;7;0,0198;5063;ca. hver 203. klubaften;500;ja;
6;10;K 10 8 x;B x x;7;0,0593;1688;ca. hver 68. klubaften;309;ja;
6;11;K 10 x x;B x x;7;0,4148;241;ca. hver 10. klubaften;64;ja;
6;12;K 9 8 7;B x x;7;0,0099;10126;ca. hver 405. klubaften;587;ja;
6;13;K x x x;B 10 x;7;0,2765;362;ca. hver 14. klubaften;87;ja;
6;14;K x x x;B 9 x;7;0,1383;723;ca. hver 29. klubaften;143;ja;
6;15;K x x x;B x x;7;1,2443;80;ca. hver 3. klubaften;13;ja;
6;16;K 10 8 x x;B x x;8;0,0381;2625;ca. hver 105. klubaften;373;ja;
6;17;K 9 8 x x;B x x;8;0,0381;2625;ca. hver 105. klubaften;374;ja;
6;18;K x x x x;B 10 x;8;0,1185;844;ca. hver 34. klubaften;163;ja;
6;19;K B 9 8;x x x x;8;0,0071;14177;ca. hver 567. klubaften;615;ja;
6;20;K 10 8 x;B x x x;8;0,0282;3544;ca. hver 142. klubaften;437;ja;
6;21;K 9 8 7;B x x x;8;0,0047;21265;ca. hver 851. klubaften;634;ja;
6;22;K x x x;B 10 8 x;8;0,0282;3544;ca. hver 142. klubaften;438;ja;
6;23;K x x x;B 9 x x;8;0,0988;1013;ca. hver 41. klubaften;198;ja;
6;24;K x x x;B x x x;8;0,7900;127;ca. hver 5. klubaften;18;ja;
6;25;K B 9 x x;x x x x;9;0,0202;4951;ca. hver 198. klubaften;488;ja;
6;26;K B x x x;x x x x;9;0,2424;413;ca. hver 17. klubaften;99;ja;
6;27;K 9 8 7 x;B x x x;9;0,0038;25990;ca. hver 1.040. klubaften;641;ja;
6;28;K x x x x;B 10 9 8;9;0,0029;34654;ca. hver 1.386. klubaften;647;ja;
6;29;K B x x x x;10 x x x;10;0,0187;5337;ca. hver 213. klubaften;505;ja;
6;30;K x x x x x;B 10 9 x;10;0,0028;35582;ca. hver 1.423. klubaften;648;ja;
6;2.1;E 10 9 8;x;5;0,0171;5863;ca. hver 235. klubaften;515;ja;
6;2.2;E 10 9 x;x;5;0,1194;838;ca. hver 34. klubaften;156;ja;
6;2.3;E 10 8 x;x;5;0,0853;1173;ca. hver 47. klubaften;232;ja;
6;2.4;E 10 x x;x;5;0,4776;209;ca. hver 8. klubaften;56;ja;
6;2.5;E 10 9 8 x;x;6;0,0404;2475;ca. hver 99. klubaften;;nej;2 mål, men 1 procenter
6;2.6;E 10 x x x;x;6;0,3771;265;ca. hver 11. klubaften;68;ja;
6;2.7;E 10 x x x;x;6;0,3771;265;ca. hver 11. klubaften;;nej;dublet af case 2.6
6;2.8;E 10 9 8;x x;6;0,0269;3713;ca. hver 149. klubaften;446;ja;
6;2.9;E 10 9 x;x x;6;0,1885;530;ca. hver 21. klubaften;127;ja;
6;2.10;E 10 8 x;x x;6;0,1077;928;ca. hver 37. klubaften;170;ja;
6;2.11;E 9 8 x;10 x;6;0,0539;1856;ca. hver 74. klubaften;329;ja;
6;2.12;E 10 9 8 x;x x;7;0,0485;2063;ca. hver 83. klubaften;343;ja;
6;2.13;E 10 9 x x;x x;7;0,1697;589;ca. hver 24. klubaften;134;ja;
6;2.14;E 10 8 x x;x x;7;0,0727;1375;ca. hver 55. klubaften;261;ja;
6;2.15;E 10 x x x;x x;7;0,4525;221;ca. hver 9. klubaften;58;ja;
6;2.16;E 10 9 8;x x x;7;0,0198;5063;ca. hver 203. klubaften;;nej;holdingen har 4+3 kort, men fordelingen er 5-2
6;2.17;E 10 9 x;–;4;0,0276;3629;ca. hver 145. klubaften;;nej;holdingen har 4+0 kort, men fordelingen er 4-3
6;2.18;E 10 x x;x x x;7;0,5530;181;ca. hver 7. klubaften;40;ja;
6;2.19;E x x x;10 9 x;7;0,1383;723;ca. hver 29. klubaften;144;ja;
6;2.20;E 10 9 8 x x x;x;8;0,0108;9282;ca. hver 371. klubaften;577;ja;
6;2.21;E 10 x x x x x;x;8;0,0302;3315;ca. hver 133. klubaften;416;ja;
6;2.22;E 10 9 8 x x;x x;8;0,0277;3610;ca. hver 144. klubaften;439;ja;
6;2.23;E 10 9 8 x x;x x;8;0,0277;3610;ca. hver 144. klubaften;;nej;dublet af case 2.22
6;2.24;E 10 x x x;9 x x;8;0,0889;1125;ca. hver 45. klubaften;220;ja;
6;2.25;E 8 7 x x;10 x x;8;0,0127;7876;ca. hver 315. klubaften;555;ja;
6;2.26;E 10 9 8;x x x x;8;0,0071;14177;ca. hver 567. klubaften;616;ja;
6;2.27;E 10 9 x … x;x;9;;;;;nej;uklart antal kort (…)
6;2.28;E 10 9 x x x x;x x;9;0,0103;9724;ca. hver 389. klubaften;582;ja;
6;2.29;E 10 x x x x;9 x x;9;0,0162;6188;ca. hver 248. klubaften;532;ja;
6;2.30;E 10 x x x;9 x x x;9;0,0269;3713;ca. hver 149. klubaften;447;ja;
7;1;D B 10 x;x;5;0,1592;628;ca. hver 25. klubaften;138;ja;
7;2;D B 8 7;x;5;0,0142;7035;ca. hver 281. klubaften;547;ja;
7;3;D 10 9 x;x;5;0,1194;838;ca. hver 34. klubaften;157;ja;
7;4;D 10 8 7;x;5;0,0142;7035;ca. hver 281. klubaften;548;ja;
7;5;D B 9 8;x;5;0,0171;5863;ca. hver 235. klubaften;516;ja;
7;6;D B 9 x;x;5;0,1194;838;ca. hver 34. klubaften;158;ja;
7;7;D B 9;x x;5;0,0716;1396;ca. hver 56. klubaften;265;ja;
7;8;D 10 9;x x;5;0,0716;1396;ca. hver 56. klubaften;;nej;samme kort som side 8 case 2
7;9;D 9 x;x x;5;0,3582;279;ca. hver 11. klubaften;69;ja;
7;10;D x x;B x;5;0,8597;116;ca. hver 5. klubaften;16;ja;
7;11;D x x;10 x;5;0,5731;174;ca. hver 7. klubaften;37;ja;
7;12;D B 10 8;x;5;0,0171;5863;ca. hver 235. klubaften;517;ja;
7;13;D 10 9 x;x;5;0,1194;838;ca. hver 34. klubaften;;nej;dublet af case 3
7;14;D x x x;x;5;2,3881;42;ca. hver 2. klubaften;4;ja;
7;15;D B 9 8;x x;6;0,0269;3713;ca. hver 149. klubaften;448;ja;
7;16;D B 8 x;x x;6;0,1077;928;ca. hver 37. klubaften;171;ja;
7;17;D x x x;B 9;6;0,0628;1591;ca. hver 64. klubaften;293;ja;
7;18;D x x x;10 x;6;0,5027;199;ca. hver 8. klubaften;47;ja;
7;19;D B 9;x x x;6;0,0691;1447;ca. hver 58. klubaften;272;ja;
7;20;D 10 x;x x x;6;0,5530;181;ca. hver 7. klubaften;;nej;samme kort som side 8 case 9
7;21;D 9 x;B x x;6;0,2074;482;ca. hver 19. klubaften;117;ja;
7;22;D B 10 x x;x x;7;0,3394;295;ca. hver 12. klubaften;71;ja;
7;23;D B 9 x x;x x;7;0,1697;589;ca. hver 24. klubaften;135;ja;
7;24;D B x x x;9 x;7;0,1131;884;ca. hver 35. klubaften;164;ja;
7;25;D B 10 x;x x x;7;0,2765;362;ca. hver 14. klubaften;88;ja;
7;26;D B 9 x;x x x;7;0,1383;723;ca. hver 29. klubaften;145;ja;
7;27;D 10 9 x;x x x;7;0,1383;723;ca. hver 29. klubaften;146;ja;
7;28;D 9 8 x;x x x;7;0,0593;1688;ca. hver 68. klubaften;310;ja;
7;29;D x x x;B 9 x;7;0,1383;723;ca. hver 29. klubaften;147;ja;
7;30;D x x x;B x x;7;1,2443;80;ca. hver 3. klubaften;14;ja;
7;31;D B 10 x x x;x x;8;0,1724;580;ca. hver 23. klubaften;133;ja;
7;32;D B 9 x x x;x x;8;0,0646;1547;ca. hver 62. klubaften;292;ja;
7;33;D B x x x x;x x;8;0,3878;258;ca. hver 10. klubaften;67;ja;
7;34;D B 10 x x;x x x;8;0,2370;422;ca. hver 17. klubaften;109;ja;
7;35;D B 9 x x;x x x;8;0,0889;1125;ca. hver 45. klubaften;221;ja;
7;36;D B x x x;x x x;8;0,7110;141;ca. hver 6. klubaften;28;ja;
7;37;D 10 9 x x;x x x;8;0,0889;1125;ca. hver 45. klubaften;222;ja;
7;38;D 9 8 x x;x x x;8;0,0254;3938;ca. hver 158. klubaften;461;ja;
7;39;D 10 9 x x;B x x;8;0,0889;1125;ca. hver 45. klubaften;223;ja;
7;40;D x x x x;B 9 x;8;0,0444;2250;ca. hver 90. klubaften;345;ja;
7;41;D B 10 x;x x x x;8;0,1317;759;ca. hver 30. klubaften;;nej;holdingen har 4+4 kort, men fordelingen er 5-3
7;42;D B x x;x x x x;8;0,5925;169;ca. hver 7. klubaften;;nej;holdingen har 4+4 kort, men fordelingen er 5-3
7;43;D 10 9 8;x x x x;8;0,0071;14177;ca. hver 567. klubaften;;nej;holdingen har 4+4 kort, men fordelingen er 5-3
7;44;D 10 x x;x x x x;8;0,1975;506;ca. hver 20. klubaften;;nej;holdingen har 4+4 kort, men fordelingen er 5-3
7;45;D 9 8 7;B x x x;8;0,0047;21265;ca. hver 851. klubaften;635;ja;
7;47;D 9 x x;B x x x;8;0,0988;1013;ca. hver 41. klubaften;199;ja;
7;48;D x x x;B x x x;8;0,7900;127;ca. hver 5. klubaften;19;ja;
7;49;D B 9 x x x x;x x;9;0,0103;9724;ca. hver 389. klubaften;583;ja;
7;50;D x x x x x x;B x;9;0,0247;4052;ca. hver 162. klubaften;467;ja;
7;51;D B 10 x x;8 x x;8;0,0381;2625;ca. hver 105. klubaften;;nej;holdingen har 5+3 kort, men fordelingen er 6-3
7;52;D B 8 x x;10 x x x;9;0,0115;8663;ca. hver 347. klubaften;567;ja;
7;53;D B x x x;x x x x;9;0,2424;413;ca. hver 17. klubaften;100;ja;
7;54;D 9 x x x;B x x x;9;0,0269;3713;ca. hver 149. klubaften;449;ja;
7;55;D x x x x;B x x x;9;0,2424;413;ca. hver 17. klubaften;101;ja;
7;56;K 10 9;x x;5;0,0716;1396;ca. hver 56. klubaften;266;ja;
7;57;K 10 x;x x;5;0,5731;174;ca. hver 7. klubaften;38;ja;
7;58;K 10 9 8;x x;6;0,0269;3713;ca. hver 149. klubaften;450;ja;
7;59;K 10 9;x x x;6;0,0691;1447;ca. hver 58. klubaften;273;ja;
7;60;K 10 9 8;x x x;7;0,0198;5063;ca. hver 203. klubaften;501;ja;
7;61;K 10 9 x;x x x;7;0,1383;723;ca. hver 29. klubaften;148;ja;
7;62;K 10 x x;x x x;7;0,5530;181;ca. hver 7. klubaften;41;ja;
7;63;K 9 8 7;x x x;7;0,0099;10126;ca. hver 405. klubaften;588;ja;
7;64;K x x x;x x x;7;9,1249;11;ca. 2,3 gange pr. klubaften;1;ja;
7;65;K 10 9 x x;x x x;8;0,0889;1125;ca. hver 45. klubaften;224;ja;
7;66;K 10 x x x;9 x x;8;0,0889;1125;ca. hver 45. klubaften;225;ja;
7;67;K 10 9 8;x x x x;8;0,0071;14177;ca. hver 567. klubaften;617;ja;
7;68;K 10 x x;x x x x;8;0,1975;506;ca. hver 20. klubaften;119;ja;
7;69;K x x x;x x x x;8;5,4315;18;ca. 1,4 gange pr. klubaften;2;ja;
7;70;K 10 9 x x x;x x x;9;0,0215;4641;ca. hver 186. klubaften;479;ja;
7;71;K 10 x x x x;x x x;9;0,0431;2321;ca. hver 93. klubaften;353;ja;
7;72;K 8 x x x x;x x x;9;;;;;nej;for få små kort under det laveste navngivne kort til x
7;73;K x x x x x;10 x x;9;0,0259;3868;ca. hver 155. klubaften;454;ja;
7;74;K x x x x x;x x x;9;1,4221;70;ca. hver 3. klubaften;12;ja;
7;75;K 9 x x x;x x x x;9;0,0067;14852;ca. hver 594. klubaften;619;ja;
7;76;K x x x x;10 x x x;9;0,0539;1856;ca. hver 74. klubaften;330;ja;
8;1;D 10 9 8;x;5;0,0171;5863;ca. hver 235. klubaften;518;ja;
8;2;D 10 9;x x;5;0,0716;1396;ca. hver 56. klubaften;267;ja;
8;3;D 10 x;x x;5;0,5731;174;ca. hver 7. klubaften;39;ja;
8;4;D 10 9 8;x x;6;0,0269;3713;ca. hver 149. klubaften;451;ja;
8;5;D 10 9 x;x x;6;0,1885;530;ca. hver 21. klubaften;128;ja;
8;6;D 10 8 x;x x;6;0,1077;928;ca. hver 37. klubaften;172;ja;
8;7;D 10 x x;x x;6;0,7541;133;ca. hver 5. klubaften;21;ja;
8;8;D 10 9;x x x;6;0,0691;1447;ca. hver 58. klubaften;274;ja;
8;9;D 10 x;x x x;6;0,5530;181;ca. hver 7. klubaften;42;ja;
8;10;D 10 x x x;x x;7;0,4525;221;ca. hver 9. klubaften;59;ja;
8;11;D 10 x x;x x x;7;0,5530;181;ca. hver 7. klubaften;43;ja;
8;12;D 9 8 7;x x x;7;0,0099;10126;ca. hver 405. klubaften;589;ja;
8;13;D 9 x x;x x x;7;0,2074;482;ca. hver 19. klubaften;118;ja;
8;14;D x x x;10 9 x;7;0,1383;723;ca. hver 29. klubaften;149;ja;
8;15;D x x x;10 x x;7;0,5530;181;ca. hver 7. klubaften;44;ja;
8;16;D 10 x x x;x x x;8;0,2370;422;ca. hver 17. klubaften;110;ja;
8;17;D x x x x;10 x x;8;0,1778;563;ca. hver 23. klubaften;131;ja;
8;18;D x x x x;x x x;8;1,7776;56;ca. hver 2. klubaften;8;ja;
8;19;D 10 x x;x x x x;8;0,1975;506;ca. hver 20. klubaften;120;ja;
8;20;D x x x;x x x x;8;1,9751;51;ca. hver 2. klubaften;6;ja;
8;21;D 10 9 x x;x x x x;9;0,0202;4951;ca. hver 198. klubaften;489;ja;
8;22;D x x x x;x x x x;9;0,6060;165;ca. hver 7. klubaften;32;ja;
9;1;B 10 9 x x;x;6;0,1414;707;ca. hver 28. klubaften;139;ja;
9;2;B 10 9 x;x x;6;0,1885;530;ca. hver 21. klubaften;129;ja;
9;3;B 10 8 x;x x;6;0,1077;928;ca. hver 37. klubaften;173;ja;
9;4;B 10 x x;x x;6;0,7541;133;ca. hver 5. klubaften;22;ja;
9;5;B 10 8 x;x x x;7;0,0593;1688;ca. hver 68. klubaften;311;ja;
9;6;B 10 x x;x x x;7;0,5530;181;ca. hver 7. klubaften;45;ja;
9;7;B x x x;10 x x;7;0,5530;181;ca. hver 7. klubaften;46;ja;
9;8;B 10 x x;x x x x;8;0,1975;506;ca. hver 20. klubaften;121;ja;
9;9;B x x x;x x x x;8;0,5925;169;ca. hver 7. klubaften;36;ja;
